{"Test Accuracy": 0.919769767328423, "Train Accuracy": 0.9217837309184741, "Precision": 1.0, "Recall": 0.57916282877904, "F-Beta Score": 0.7335061568373299, "F1 Score": 0.7335061568373299}