{"Test Accuracy": 0.919711233598361, "Train Accuracy": 0.9216130062899831, "Precision": 1.0, "Recall": 0.5788557977689079, "F-Beta Score": 0.7332598690607376, "F1 Score": 0.7332598690607376}