{"Test Accuracy": 0.827110872640359, "Train Accuracy": 0.829194887041269, "Precision": 0.7302631578947368, "Recall": 0.1476819158735032, "F-Beta Score": 0.24567974802077125, "F1 Score": 0.24567974802077125}