{"Test Accuracy": 0.8279693673479342, "Train Accuracy": 0.8300119263347617, "Precision": 1.0, "Recall": 0.09763586122198342, "F-Beta Score": 0.1779020979020979, "F1 Score": 0.1779020979020979}