{"Test Accuracy": 0.19795131944783181, "Train Accuracy": 0.19544311577324844, "Precision": 0.1915383706737016, "Recall": 0.9957015658581517, "F-Beta Score": 0.3212746635845785, "F1 Score": 0.3212746635845785}